{"cameraMode":{"drawMode":0,"name":"Shaded","section":"Shading Mode"},"sceneLighting":true,"audioPlay":false,"sceneViewState":{"showFog":true,"showMaterialUpdate":false,"showSkybox":true,"showFlares":true,"showImageEffects":true,"showParticleSystems":true},"in2DMode":false,"pivot":{"x":-2319.976318359375,"y":34.208553314208987,"z":-38.58221435546875},"rotation":{"x":0.24826030433177949,"y":0.5903937816619873,"z":-0.19749288260936738,"w":0.7421581149101257},"size":15.578231811523438,"orthographic":false}