{"cameraMode":{"drawMode":0,"name":"Shaded","section":"Shading Mode"},"sceneLighting":true,"audioPlay":false,"sceneViewState":{"showFog":true,"showMaterialUpdate":false,"showSkybox":true,"showFlares":true,"showImageEffects":true,"showParticleSystems":true},"in2DMode":false,"pivot":{"x":-2304.55224609375,"y":49.071414947509769,"z":-41.464996337890628},"rotation":{"x":0.27635881304740908,"y":0.6311458945274353,"z":-0.2574528455734253,"w":0.6774945259094238},"size":87.35484313964844,"orthographic":false}