{"cameraMode":{"drawMode":0,"name":"Shaded","section":"Shading Mode"},"sceneLighting":true,"audioPlay":false,"sceneViewState":{"showFog":false,"showMaterialUpdate":false,"showSkybox":true,"showFlares":false,"showImageEffects":false,"showParticleSystems":false},"in2DMode":false,"pivot":{"x":-2322.66064453125,"y":39.3846321105957,"z":-37.06523132324219},"rotation":{"x":-0.13110987842082978,"y":-0.7366085052490234,"z":0.1493949443101883,"w":-0.6464513540267944},"size":11.016830444335938,"orthographic":false}