{"cameraMode":{"drawMode":0,"name":"Shaded","section":"Shading Mode"},"sceneLighting":true,"audioPlay":false,"sceneViewState":{"showFog":true,"showMaterialUpdate":false,"showSkybox":true,"showFlares":true,"showImageEffects":true,"showParticleSystems":true},"in2DMode":false,"pivot":{"x":-4.553053379058838,"y":-1.5581647157669068,"z":0.4974365234375},"rotation":{"x":0.09944575279951096,"y":-0.3710905909538269,"z":0.04000842943787575,"w":0.9223890900611877},"size":25.380550384521486,"orthographic":false}