{"cameraMode":{"drawMode":0,"name":"Shaded","section":"Shading Mode"},"sceneLighting":true,"audioPlay":false,"sceneViewState":{"showFog":false,"showMaterialUpdate":false,"showSkybox":true,"showFlares":false,"showImageEffects":false,"showParticleSystems":false},"in2DMode":false,"pivot":{"x":-14.702009201049805,"y":14.486602783203125,"z":-5.085450172424316},"rotation":{"x":0.13803398609161378,"y":-0.6475367546081543,"z":0.12084639072418213,"w":0.7396208047866821},"size":17.330671310424806,"orthographic":false}