{"cameraMode":{"drawMode":0,"name":"Shaded","section":"Shading Mode"},"sceneLighting":true,"audioPlay":false,"sceneViewState":{"showFog":false,"showMaterialUpdate":false,"showSkybox":true,"showFlares":false,"showImageEffects":false,"showParticleSystems":false},"in2DMode":false,"pivot":{"x":-2323.35009765625,"y":37.040000915527347,"z":-40.83000183105469},"rotation":{"x":-0.13110987842082978,"y":-0.7366085052490234,"z":0.1493949443101883,"w":-0.6464513540267944},"size":4.577142238616943,"orthographic":false}