{"cameraMode":{"drawMode":0,"name":"Shaded","section":"Shading Mode"},"sceneLighting":false,"audioPlay":false,"sceneViewState":{"showFog":true,"showMaterialUpdate":false,"showSkybox":false,"showFlares":true,"showImageEffects":true,"showParticleSystems":true},"in2DMode":false,"pivot":{"x":-0.07036563754081726,"y":6.2694315910339359,"z":-0.30755773186683657},"rotation":{"x":0.29133230447769167,"y":-0.702383279800415,"z":0.39983105659484866,"w":0.5117796063423157},"size":13.746847152709961,"orthographic":false}